ID,Name,Color,Age,Income,Score,Rating,Status,Department,Remarks
,Alice,Green,44.0,33532.59759396911,37.41289181350511,4.0,Divorced,Finance,Average
,Alice,Blue,54.0,49022.02816767131,8.741266659132629,2.0,Married,Finance,Average
3.0,,Red,40.0,23386.205073804602,1.396283135455334,4.0,Married,HR,Poor
4.0,Bob,Blue,58.0,45590.96430965314,,5.0,Single,IT,Average
5.0,Eve,Green,24.0,,80.00648165811008,5.0,Single,Marketing,Good
6.0,Charlie,,52.0,40705.351862605574,80.36980170635516,1.0,Divorced,Marketing,Poor
7.0,David,Yellow,26.0,67427.97730466946,,,Single,Marketing,Average
8.0,,Blue,,,12.279326366971667,,Divorced,Marketing,Good
9.0,David,,24.0,32242.002035144316,1.7967510838603484,2.0,,Marketing,Average
10.0,Bob,Red,63.0,45868.20923456705,80.58879769386165,,Single,Finance,Good
11.0,Bob,,36.0,,46.8921601782252,5.0,Single,Marketing,Average
,Charlie,Yellow,50.0,52672.63636996216,,3.0,,Finance,Average
13.0,Bob,Red,33.0,44832.00645301733,53.25652322394184,1.0,Divorced,HR,
14.0,Charlie,Red,51.0,29487.400145645475,76.43164104740781,,,Finance,Average
15.0,Charlie,Yellow,56.0,72044.75618913336,35.924203857475014,3.0,Divorced,Finance,Poor
16.0,David,,,,40.29778090643218,3.0,Married,Marketing,Good
,Charlie,Blue,,61976.61761771919,9.561299809073686,4.0,Divorced,Finance,Poor
18.0,Eve,,26.0,73135.67479994091,53.269715716137526,2.0,Married,Finance,Good
19.0,Alice,Red,63.0,49495.8383119,88.42917531540878,3.0,,Marketing,Average
20.0,Charlie,Green,45.0,41083.16166166186,40.443058453859784,1.0,Divorced,Marketing,Poor
,Charlie,Red,,36855.07599839483,59.9021165323691,,Married,Marketing,Good
22.0,,Yellow,23.0,45771.131777723436,48.05528270155652,4.0,Single,Marketing,Good
,,Yellow,39.0,56088.63492729998,,,Divorced,Finance,Good
24.0,Eve,Blue,60.0,,61.502731205739416,4.0,Single,,Poor
25.0,,Yellow,64.0,59745.01587102007,76.57926336122017,3.0,Married,Finance,
26.0,Charlie,Green,38.0,47397.640428226565,,,Divorced,,Poor
27.0,Bob,,29.0,65437.476513193724,53.26514439027786,3.0,,HR,Average
28.0,Charlie,Yellow,,36323.98328728635,63.14828373229155,3.0,,HR,Average
29.0,David,,21.0,66572.56897810576,81.43446904762554,4.0,,Finance,Good
30.0,,,29.0,36032.516358183355,61.94769375128127,2.0,Divorced,,Poor
31.0,Eve,Green,31.0,44542.3057620116,23.029472381310732,3.0,Married,HR,Poor
32.0,Alice,Green,50.0,23498.373060446753,,4.0,,Finance,Good
,,Yellow,,64393.63307449983,33.57174145242345,3.0,,Marketing,Poor
34.0,Eve,Green,26.0,23767.670505311737,51.55208986190948,1.0,Divorced,HR,Good
35.0,Alice,Yellow,42.0,65068.01848541859,49.24871364788921,4.0,Single,HR,
36.0,David,Yellow,54.0,63232.491330625206,5.526238756145041,2.0,Married,IT,
37.0,,Yellow,38.0,40443.664518808255,,3.0,Single,Marketing,Good
38.0,Eve,,55.0,76607.58872401697,,4.0,Divorced,Finance,
,Alice,,41.0,54353.88470413166,91.16136523354197,,Single,HR,Poor
40.0,Charlie,Red,32.0,56171.257660382595,86.20969082833483,1.0,Single,HR,Poor
,Eve,,64.0,32908.19835555368,19.152745214958465,5.0,Married,Finance,Average
42.0,Charlie,Yellow,58.0,,68.38007625143226,,Single,HR,Good
43.0,Alice,Red,53.0,49862.55526756653,72.32833382387406,4.0,,,Poor
44.0,,Blue,18.0,31374.4202266859,72.92473727643936,4.0,Single,IT,Poor
,Charlie,Yellow,,,1.7699375685362728,2.0,Married,,Average
46.0,Charlie,Blue,33.0,41810.04604894772,78.65572055881404,4.0,Married,,Poor
47.0,Bob,Yellow,19.0,61196.175456253,,3.0,Divorced,Marketing,Poor
,,Yellow,61.0,45654.2360536274,,5.0,Married,Finance,Poor
49.0,Alice,Green,21.0,22869.822251118774,45.94318542569869,,,HR,Good
,Eve,Green,57.0,,67.38576396523679,1.0,Married,HR,Poor
51.0,Bob,Yellow,20.0,57462.77674030644,,2.0,Divorced,HR,Average
52.0,Eve,Green,38.0,33383.36953736929,16.585118236840835,4.0,,Marketing,Good
53.0,Charlie,Green,21.0,37152.41476936126,11.356317760909784,2.0,Single,Marketing,
54.0,,Green,58.0,48226.47429376426,80.11130659323578,4.0,Divorced,,Average
,David,Blue,50.0,48006.257257164594,28.25888763068963,5.0,,Finance,Poor
56.0,Alice,,27.0,36055.16072420261,14.99062631116469,3.0,Divorced,Finance,Poor
,Alice,Blue,36.0,44134.71494283246,42.32239764434522,2.0,Single,HR,Poor
58.0,,Yellow,32.0,68990.97154614725,34.17958637815891,1.0,Divorced,Marketing,Average
,David,Blue,,35861.88111050815,52.632169971236294,5.0,Married,Marketing,
60.0,Charlie,Yellow,19.0,,,,Single,IT,
,Bob,Yellow,19.0,,,,Married,IT,
,,Blue,23.0,70620.87222607879,57.642562064146354,1.0,Divorced,HR,
63.0,Charlie,Blue,40.0,80143.92950871671,77.95297176971997,1.0,Divorced,,
64.0,Eve,Red,30.0,70073.12553112351,35.6992562325856,5.0,Single,Marketing,Average
,,Yellow,27.0,33612.712382256985,74.95298932456274,4.0,Single,,Poor
66.0,Alice,Green,59.0,,47.03503596099456,4.0,Married,Finance,Poor
67.0,Bob,,55.0,35009.03717928651,,,Single,HR,Poor
68.0,Charlie,,60.0,33819.66174153808,53.84271604954514,5.0,Married,HR,Average
69.0,Eve,Yellow,,59877.360691286805,,1.0,,IT,Good
70.0,,Yellow,56.0,54462.121512128906,87.6012042905806,4.0,Divorced,HR,Good
71.0,Eve,Blue,33.0,,34.3771339252754,1.0,,,Average
,David,Green,56.0,42362.85930031672,48.139293556484034,3.0,Single,Marketing,Poor
73.0,,Blue,45.0,52466.84274119315,27.820884191161078,5.0,Single,HR,Good
74.0,,Red,39.0,,,1.0,Single,HR,Good
75.0,David,Red,30.0,74555.14489621932,35.613749375378276,4.0,Divorced,,Poor
76.0,David,,21.0,48987.82882009227,64.67091979737374,1.0,Married,HR,Poor
77.0,Alice,Green,20.0,57473.87929868416,25.84560065203072,1.0,Single,IT,Average
78.0,David,Blue,61.0,64230.12042079939,42.43774120321858,4.0,Divorced,Finance,Good
79.0,,Green,56.0,,26.176283211493747,2.0,Single,HR,Average
80.0,,Blue,22.0,55658.548277053065,15.077821926198931,3.0,Married,HR,Poor
,,,30.0,68870.9624677531,58.92966719214876,2.0,Divorced,Marketing,Poor
82.0,Alice,Blue,63.0,62655.39957179063,27.749786562333036,,,IT,
83.0,Alice,Red,34.0,40429.91063759101,70.71513705353611,1.0,Single,Marketing,
84.0,David,Blue,24.0,,77.8407145040772,2.0,,IT,Good
85.0,Alice,Yellow,36.0,75157.14049257051,40.61874584337464,5.0,,IT,Average
86.0,Eve,Blue,,,50.821627333911444,1.0,Single,HR,
87.0,Bob,,41.0,20798.707599825193,,5.0,,,Good
88.0,,,57.0,66918.10329485688,24.20327868515052,3.0,Divorced,,
89.0,Bob,Blue,,,,3.0,,Finance,Poor
90.0,,Yellow,46.0,,46.579262823333046,4.0,Divorced,IT,Average
91.0,David,Blue,34.0,30784.205624393904,86.64308323268939,4.0,Single,,Average
,Charlie,Green,33.0,52779.213804904146,33.679678684959526,3.0,Divorced,Finance,Average
,Alice,Green,,,7.128806824628519,,Divorced,Finance,Good
94.0,,Red,40.0,30963.316719588867,30.20916020472336,,Married,Marketing,Average
95.0,David,Green,19.0,46876.70895062335,48.199908910341804,3.0,Single,HR,Average
96.0,Eve,Yellow,,40380.91356444193,37.02409934194141,5.0,Single,HR,Poor
97.0,Bob,Yellow,55.0,40569.10275685934,31.845155104041957,2.0,Divorced,,Poor
98.0,David,Red,62.0,,81.22893407314493,5.0,Single,Marketing,Average
99.0,,Blue,25.0,59974.85904184649,,3.0,Divorced,Finance,Poor
,Charlie,Green,49.0,59414.42386785319,83.16906719338179,5.0,Divorced,HR,Average
101.0,Eve,Green,25.0,32306.94108263816,57.14056953822391,3.0,,,
,David,Yellow,22.0,,,,Married,IT,
,Charlie,Yellow,46.0,43999.947585563066,7.990015639351544,3.0,Single,Finance,
104.0,David,Green,59.0,58144.91336853194,79.27174931062461,4.0,Single,Finance,Average
105.0,Bob,Blue,63.0,,12.149128955164358,,,Finance,Poor
106.0,Alice,Yellow,38.0,36285.5918006959,,,Married,,Poor
107.0,Alice,,22.0,21987.067822922614,67.15993811973495,5.0,Married,Marketing,Good
108.0,Bob,Blue,27.0,29688.099567624377,82.38426157728725,3.0,Single,HR,Average
109.0,Eve,,35.0,51862.851160604834,59.96385381715002,5.0,,Finance,Poor
110.0,Charlie,Yellow,,48745.08411773813,68.68750066769927,3.0,Married,,
111.0,Bob,,57.0,,88.24883415323545,,Divorced,,Good
112.0,David,,,38179.76587447008,71.28200382453645,3.0,Married,Finance,Good
113.0,Charlie,Red,56.0,61244.8770240924,45.502609664208904,3.0,Married,HR,Good
114.0,Eve,Green,63.0,40910.13965674054,65.30396070785912,4.0,Divorced,HR,Poor
115.0,Eve,Blue,,55157.75903186833,62.7309309639143,4.0,Married,HR,Good
116.0,Eve,Red,22.0,55358.49922372242,9.652990336782509,2.0,Married,,Average
117.0,David,Blue,23.0,82274.83764766049,94.70292631914961,3.0,Married,Finance,Good
118.0,,Blue,,71791.37440998235,98.11197540734456,1.0,,Marketing,Good
,Eve,Green,,44085.293754758306,,,,HR,Good
120.0,David,Blue,21.0,38965.49561112804,99.8298906364845,1.0,Divorced,HR,Poor
121.0,David,Red,63.0,34851.265598449885,90.88365082714553,5.0,Single,,Average
,Bob,,23.0,61318.20014451613,16.690740194731745,,Married,,Good
,Alice,,51.0,45728.95295339018,6.249735073396145,3.0,Married,HR,
124.0,David,,21.0,64383.51563270839,,1.0,Divorced,HR,Good
125.0,Bob,Green,37.0,53880.62044797319,86.32914539131465,,,HR,Good
126.0,Charlie,Green,53.0,44519.80425454314,,5.0,Married,Marketing,Average
127.0,David,,48.0,60230.05915438964,41.5549399187943,2.0,Married,IT,Average
128.0,Charlie,Yellow,,,95.1645948654475,1.0,Single,HR,Good
129.0,Charlie,Red,54.0,50723.98013559565,52.038083730551,1.0,Divorced,,Poor
130.0,Charlie,Green,51.0,58497.08809563172,67.29359460438062,3.0,,IT,Poor
131.0,Eve,Blue,,63810.97946290362,30.621168126201447,1.0,Divorced,Finance,
132.0,Bob,Blue,40.0,38084.905148814076,5.703689481292584,4.0,Single,,Average
133.0,Eve,Yellow,38.0,63004.246620484686,77.77297669727588,5.0,,,Poor
134.0,,Green,42.0,66907.45401931467,25.387192849817353,4.0,Married,,Good
135.0,,Red,,27624.140457136178,9.527697563542603,1.0,Divorced,,Average
136.0,Bob,,47.0,57399.89451930926,7.49468503819074,3.0,Married,Finance,Poor
137.0,David,Blue,40.0,51174.18718834888,,1.0,Married,Marketing,Poor
138.0,Alice,,61.0,38842.296598781606,52.34173882787062,5.0,Married,HR,Good
139.0,Charlie,,61.0,26027.90073169085,85.80308123104027,3.0,Divorced,Marketing,Good
,Alice,Blue,50.0,75202.57884948782,15.639971054038792,2.0,,HR,Poor
141.0,David,Green,26.0,44696.810344461664,2.339611848057177,2.0,Divorced,IT,Good
142.0,Eve,Yellow,42.0,,26.95049690626441,1.0,Divorced,,Average
143.0,Eve,Green,,,77.33621655492368,,,Finance,Average
144.0,Alice,Green,62.0,33092.293410417245,78.07113171611051,5.0,Married,Marketing,Average
,David,Red,,50091.84053522417,40.09398556769806,,Single,IT,Good
146.0,Eve,Red,50.0,44519.92304038307,88.70037099524869,3.0,Married,HR,Average
147.0,Alice,Blue,,,86.847523089696,5.0,Divorced,IT,Poor
148.0,David,Blue,54.0,65470.9659155023,43.17484451246618,4.0,Single,Finance,Average
149.0,David,Blue,,,87.71333266525265,4.0,,Finance,
150.0,,Green,,,36.13915125759991,,Married,HR,Poor
151.0,David,Green,,43391.235589456934,38.21260876579349,4.0,,HR,Poor
,Bob,Red,61.0,60349.27475260591,,5.0,Single,,Average
153.0,,Red,49.0,57607.04363405617,5.018416260014879,4.0,Single,,Average
154.0,Charlie,,33.0,29344.67614147288,,4.0,Divorced,IT,Good
,,,51.0,54997.09620895859,96.33954605633934,,Divorced,HR,
156.0,Bob,Green,35.0,23581.56506171237,10.668520007865023,,Divorced,Marketing,Poor
157.0,Charlie,Green,47.0,63386.31885632879,5.573794988631464,4.0,Divorced,IT,Average
158.0,David,Green,41.0,82492.00851784457,80.14808071471508,2.0,Single,Finance,Good
,Bob,Blue,47.0,58432.774557844816,23.957406516856462,,,,Poor
160.0,David,,37.0,24677.80771825314,48.048983199141205,5.0,Single,HR,Good
161.0,David,,19.0,20802.182850914116,2.541093356412827,3.0,Single,,Poor
162.0,Bob,Red,46.0,72357.18924449733,,2.0,Divorced,,Good
163.0,Bob,Yellow,37.0,,70.14697797254983,2.0,Divorced,HR,Average
164.0,David,Yellow,29.0,,57.75104010709432,,Divorced,Finance,Average
165.0,David,Green,45.0,29117.520565633593,,3.0,Married,HR,Poor
166.0,David,Yellow,,46059.4896003393,,,Single,IT,Poor
167.0,David,Red,36.0,5061.713329595783,94.23911309867071,4.0,Married,,Average
168.0,Eve,Yellow,43.0,45627.652364278976,,5.0,Married,IT,
169.0,Charlie,,24.0,63399.2528988886,69.607879041634,2.0,Single,Finance,Poor
170.0,Eve,,55.0,,86.53590980109436,2.0,Divorced,,
171.0,David,Blue,,45823.91639853819,,2.0,,Finance,
172.0,Eve,,53.0,26224.552314159006,53.30214098355049,2.0,,HR,
173.0,Bob,Yellow,42.0,67807.5827422114,,1.0,Married,Finance,Poor
174.0,Charlie,Yellow,31.0,52615.97071730813,31.72232010428039,5.0,Divorced,HR,Average
175.0,Charlie,Blue,39.0,27791.52811730421,,2.0,Single,,Good
176.0,Charlie,Blue,39.0,58326.716109064575,54.89449277230918,,Married,IT,Poor
177.0,Alice,Red,47.0,61462.969868723194,98.31174739540246,4.0,Divorced,HR,
178.0,David,Yellow,,37426.35716025194,69.1463795861325,,,Marketing,
179.0,David,Yellow,38.0,43631.490057640236,63.68838160738417,,,,Average
180.0,Bob,Red,40.0,31073.16316698909,93.30486007432391,1.0,Single,Finance,Good
,Alice,Blue,48.0,77156.27285878909,,2.0,Married,Marketing,Poor
182.0,Alice,Yellow,19.0,51022.16990641581,50.552989211261156,3.0,,Finance,Good
183.0,David,Green,48.0,54536.97038617806,82.73761371358523,2.0,Divorced,Marketing,Good
184.0,Charlie,Green,42.0,,47.00938625862655,4.0,Married,,
185.0,Eve,,64.0,,85.15700182511307,,Single,Marketing,Good
186.0,Eve,Blue,45.0,52190.61447275167,90.3156192324617,2.0,Single,Finance,Good
187.0,,Yellow,25.0,,15.58422491002821,1.0,Divorced,Finance,Average
188.0,Alice,Yellow,46.0,29831.140019876275,41.597587447671415,2.0,Divorced,Finance,Good
189.0,David,Green,52.0,29398.01880170272,68.6884866325844,2.0,Divorced,,Average
190.0,David,Blue,44.0,41840.15311856272,61.80474932189286,3.0,Single,IT,
191.0,Charlie,Yellow,58.0,29559.968639422215,85.21869528378917,5.0,Married,HR,
192.0,Alice,Yellow,48.0,50740.23662732026,7.293901815186265,4.0,,,Good
193.0,Charlie,Blue,,34879.676837793,63.12865184260079,,Single,HR,
194.0,Eve,Red,58.0,,45.65470321718927,3.0,Divorced,Finance,Good
195.0,,Red,,32824.344054789726,,,Single,IT,Poor
196.0,Alice,Green,,63029.40383913707,20.88858389965662,5.0,Single,,Average
197.0,Bob,Blue,,41777.31485964556,57.635032414903044,2.0,Married,Marketing,
198.0,David,Red,44.0,30101.56134098717,34.43598135225461,1.0,Single,Marketing,Average
199.0,Bob,Green,61.0,54694.260146550616,74.1202756795801,2.0,Single,Marketing,Average
200.0,Eve,Blue,32.0,24229.291163734037,5.498958624351347,,Married,Marketing,Poor
201.0,Bob,Green,53.0,28016.257577202145,54.36842467914934,,,,Good
202.0,Alice,Red,42.0,47710.712742353724,55.35327214751595,,Divorced,,
203.0,,Blue,39.0,49029.58826842759,66.97982429083198,,Single,,Good
204.0,,Green,51.0,60625.648539294125,79.6854051853225,2.0,Married,IT,
205.0,Charlie,,55.0,29549.730624930693,,1.0,Single,IT,Good
206.0,David,Yellow,22.0,19687.938041343277,86.91071580935875,3.0,Divorced,HR,
207.0,Bob,Blue,34.0,15555.597760207493,60.62183659801386,,Single,Finance,Poor
208.0,Bob,Yellow,39.0,25897.483737700826,6.003699346589619,4.0,Single,HR,
209.0,Alice,Blue,,44138.34730286377,5.779655862381716,4.0,,Marketing,Average
210.0,David,Yellow,47.0,,,2.0,Single,,Poor
211.0,Charlie,Blue,46.0,37349.54902780427,46.54124434086424,2.0,Single,Marketing,Average
212.0,Alice,,39.0,50970.93124541908,64.21932793383664,3.0,Married,IT,Average
213.0,Eve,Blue,52.0,,55.02832369042926,3.0,Single,HR,Average
214.0,Bob,Red,,36385.74628169142,11.139348291127193,1.0,Married,IT,Good
215.0,,Blue,34.0,,12.218936247967582,4.0,Divorced,IT,
216.0,Eve,,31.0,68806.75071656679,43.80081458099833,2.0,Single,IT,Poor
217.0,Bob,Red,26.0,55796.12784414253,29.623725712624804,3.0,Single,IT,Average
218.0,David,Blue,,,45.266884158318035,4.0,Married,,Average
219.0,,Blue,32.0,,30.68064153579214,1.0,Divorced,,Poor
220.0,Bob,Red,39.0,,83.03058957611692,3.0,Divorced,Marketing,Good
221.0,Charlie,Blue,48.0,,79.60628633216405,3.0,Single,IT,Good
222.0,Eve,Yellow,56.0,,21.584993713840884,5.0,Divorced,,Average
,Charlie,Red,20.0,,11.46623786586175,1.0,Single,IT,Average
224.0,,,57.0,57222.380695303546,4.788595835685117,5.0,Married,HR,Average
225.0,Alice,Red,64.0,32759.976522753608,5.754189633255247,4.0,Single,Marketing,Average
226.0,Alice,Yellow,34.0,,5.396681194086595,1.0,Divorced,Finance,Poor
227.0,Bob,,19.0,,,1.0,Divorced,,Good
228.0,David,Blue,24.0,55603.72404964759,,2.0,Divorced,Marketing,Average
229.0,Charlie,Red,47.0,58417.47716901521,43.17810633418726,5.0,Divorced,,Average
230.0,David,Yellow,55.0,,98.24604136857252,4.0,Single,,
231.0,Eve,Red,40.0,67752.2453321741,83.62708112183213,1.0,Single,HR,Average
232.0,Eve,Green,29.0,61490.25559429277,10.871517497160566,2.0,,Marketing,Poor
233.0,Eve,Green,32.0,,43.11179339688045,,Single,,Good
234.0,,Yellow,57.0,,30.384911467181286,5.0,Divorced,HR,Average
235.0,Charlie,Red,58.0,44414.08278449494,71.36318667431483,,,,Good
236.0,Eve,Green,55.0,79115.08729605409,12.662709033588238,2.0,Divorced,HR,Good
,Eve,Blue,22.0,,22.845150898349175,1.0,Single,HR,Average
238.0,David,Yellow,28.0,49367.075653718646,29.3822045711956,3.0,Divorced,HR,Average
,,Blue,56.0,26956.006058027713,,4.0,Divorced,Finance,
240.0,David,Yellow,43.0,46061.92891386212,82.13307723209549,5.0,Married,Finance,
241.0,,Green,33.0,,,,,,Poor
,,Yellow,49.0,45534.07302177226,65.95668183284889,,Divorced,,Good
243.0,Charlie,Yellow,51.0,79593.55223899982,2.8656576036436343,5.0,Married,IT,Good
244.0,Bob,Blue,63.0,59458.971824352375,24.09027174171755,3.0,Divorced,Marketing,Good
245.0,Alice,Green,64.0,75717.6657127541,51.979314077463776,,Divorced,HR,Good
,Bob,,63.0,63845.13792255006,60.196864783943425,1.0,Single,HR,Good
,,Blue,57.0,57281.2572700679,79.84390075633584,3.0,Divorced,Finance,Good
248.0,,Yellow,49.0,26460.50242830436,2.8886031273999913,,Single,IT,Good
249.0,,Blue,,44865.66599910362,73.28201436327413,3.0,Single,Finance,Good
,Charlie,Blue,58.0,,36.60281485848566,,,,Good
251.0,,Green,51.0,55493.908874617155,,3.0,Married,,Good
252.0,,Blue,37.0,38561.99539708461,7.549940586789317,1.0,Single,Marketing,Good
253.0,Charlie,Green,56.0,,94.38493595531843,5.0,,IT,
254.0,David,Yellow,57.0,52922.96644663622,82.34347073664792,3.0,Single,,
,,Green,56.0,84129.73774075366,87.02906809478075,5.0,Single,Finance,Average
256.0,David,Green,43.0,33669.174119547824,,4.0,Divorced,IT,Good
257.0,Charlie,,39.0,39549.01516418481,4.361228332195877,1.0,Married,IT,Poor
258.0,David,Blue,,,68.63044717038356,2.0,Married,IT,
259.0,David,Blue,22.0,43965.33888282533,39.70158443882602,5.0,,HR,Good
260.0,Bob,Red,52.0,40552.39649500921,63.814435296056935,1.0,,Marketing,Poor
261.0,Eve,Green,54.0,45824.809366174464,,2.0,Married,Marketing,Poor
,David,Blue,,57684.861442394606,88.73578157521446,4.0,Married,HR,Average
263.0,,Red,,49609.01098992685,56.911852618495914,3.0,,Marketing,Average
264.0,Charlie,Green,22.0,67312.79234598811,,1.0,Married,Finance,Good
265.0,Bob,Yellow,,58495.29996240781,,,Married,,Good
,Charlie,Yellow,42.0,56358.52308484077,83.83481874892608,3.0,Married,Finance,
267.0,,Blue,,71544.6036920636,80.13608525522929,2.0,Single,,Poor
268.0,Eve,Blue,31.0,10074.544461241654,15.999609339030464,,Married,Marketing,
269.0,David,Red,21.0,63388.93983970223,5.091422352036734,4.0,Married,IT,
270.0,Bob,Red,29.0,,40.91994107128869,4.0,Single,,Poor
271.0,Alice,Yellow,,78008.37796753342,,1.0,,Finance,Poor
272.0,Charlie,Green,,60899.84204655865,77.6110134810378,4.0,,Marketing,
273.0,Eve,Blue,,43702.8829786356,,5.0,,Marketing,
274.0,Alice,Blue,40.0,48257.48313859486,13.38334933763351,4.0,Married,IT,Poor
275.0,David,Red,64.0,33204.72383608339,,3.0,Divorced,,Good
,Bob,Blue,25.0,,3.8902781241626827,5.0,Divorced,,
,David,Yellow,41.0,46892.015971896755,,,Single,IT,Average
278.0,Bob,Green,,,14.608723599558148,4.0,Single,HR,Good
,David,Green,26.0,45169.318880073355,84.64822782117659,3.0,Married,Marketing,Average
280.0,,Red,55.0,36256.79214462464,10.322520912222311,2.0,Divorced,Finance,Average
281.0,David,Blue,46.0,61474.55229501143,40.80013255710841,1.0,Married,Finance,Good
282.0,Alice,Red,,58704.79700964863,43.077234352092795,5.0,Divorced,Finance,Good
283.0,David,Green,36.0,53980.42739234779,56.58679824606472,5.0,Divorced,Marketing,Average
284.0,,Blue,26.0,59760.42073513231,79.48353526058527,3.0,Married,,Good
285.0,Bob,,62.0,,66.89407251157894,,Married,Finance,
286.0,Alice,Red,,58681.94194966084,33.61003388766627,3.0,Divorced,IT,Good
287.0,David,Blue,43.0,56912.126080059,8.226128083985817,,Divorced,HR,Average
288.0,Eve,,,24482.799721883974,,4.0,Single,Finance,Poor
289.0,Alice,Blue,30.0,81248.10943676194,,,Single,Finance,Good
,Alice,Yellow,56.0,36452.73753947601,24.246575262032234,1.0,,IT,Average
291.0,Alice,Blue,44.0,,,5.0,Divorced,Marketing,Poor
292.0,Charlie,Blue,60.0,41631.19807500706,65.08629879463459,1.0,Divorced,HR,Poor
293.0,,Red,,,22.100616226758163,,Single,HR,Average
294.0,David,Green,56.0,47608.12330164256,96.61200197588899,3.0,Married,Finance,
295.0,Charlie,Blue,22.0,84062.44160779656,,2.0,,,Good
,,Green,51.0,18855.567873337215,6.587576100024284,2.0,Divorced,HR,Good
297.0,Bob,Green,59.0,63823.86903489361,87.60095589743267,2.0,Married,HR,Average
298.0,Alice,Blue,34.0,,67.9108717395715,3.0,Single,Finance,Poor
299.0,Charlie,Blue,38.0,31495.44476191844,,4.0,,Finance,
300.0,Alice,Green,23.0,92354.30039182743,50.93758847339258,1.0,,Marketing,
301.0,Eve,Red,27.0,53049.257103822456,24.29059294245247,3.0,,HR,Poor
302.0,David,Red,49.0,56683.88077421047,4.067771535161125,5.0,Single,HR,
303.0,Eve,Green,25.0,79541.73015443604,2.6199164891676174,5.0,Married,IT,Good
304.0,Charlie,Green,32.0,36149.07776807214,76.03665308651624,,,,Good
305.0,Charlie,Yellow,26.0,48388.65160513622,71.5964083173241,,Divorced,Finance,Good
,David,Red,51.0,64928.08182347577,77.94006347879596,2.0,Divorced,HR,
307.0,Eve,Yellow,61.0,58534.82301715128,87.14041725871546,4.0,Single,Marketing,Average
308.0,Eve,,64.0,38449.668385436154,16.495493560151463,,Single,Finance,Poor
309.0,,Yellow,56.0,52404.05056001724,16.02737241979123,,,Marketing,Average
,Alice,Red,37.0,40289.35117926245,,,,Finance,Good
311.0,Eve,Yellow,54.0,,20.63473608885118,1.0,Single,IT,Average
,Bob,Yellow,32.0,55105.19169965016,,1.0,Married,Marketing,Poor
313.0,Alice,Red,56.0,45942.40851800719,24.929809614338495,4.0,,Marketing,
314.0,,Yellow,,,13.398092231536719,2.0,,Finance,Average
315.0,Charlie,Yellow,27.0,32623.684181695106,15.97351263241471,3.0,Divorced,Finance,Average
316.0,,Green,47.0,64339.264839813055,10.429714202030382,3.0,Married,Finance,
317.0,Alice,Red,37.0,47117.62269646871,53.662301695021654,5.0,Married,,Average
318.0,David,Yellow,,44099.605922415125,34.10169472650715,,Single,,Average
,Charlie,Blue,29.0,34305.684386959336,71.60735874969878,,Divorced,Finance,Poor
320.0,Alice,,39.0,59871.895981107824,20.46558083878046,,Divorced,HR,Poor
,,Blue,,,85.6303672454088,4.0,Divorced,Marketing,Poor
322.0,Bob,Green,29.0,,46.05869976234091,5.0,Divorced,HR,
323.0,David,Yellow,20.0,29940.896084744425,9.671872400356996,1.0,Single,Marketing,Average
324.0,,,22.0,52496.64313886015,15.63893509150185,3.0,Single,Marketing,Average
325.0,David,Green,59.0,73666.63624605678,99.56513778863987,3.0,Married,Finance,Average
326.0,Charlie,Red,,27152.176409836306,10.617726431069086,,Divorced,IT,
327.0,,Green,57.0,57606.62175260317,60.28586115126675,5.0,Single,Finance,
,,Green,,90822.60635362308,,,Married,HR,Poor
329.0,Charlie,Green,44.0,43726.71161738311,17.081808545916655,2.0,Divorced,IT,Poor
330.0,,Blue,31.0,,69.29539041692374,3.0,Married,IT,Good
331.0,David,Blue,24.0,55357.505647150174,10.84772218356802,2.0,,Marketing,Average
332.0,David,,24.0,52332.81746739935,4.877570346866156,,,Finance,Average
333.0,Eve,Blue,41.0,70153.44870250065,,,Single,Finance,Poor
334.0,Eve,Red,56.0,43107.46326041946,8.641914781357062,3.0,Single,Marketing,Good
335.0,Eve,Green,34.0,,25.281594001529996,,Single,HR,Poor
,Eve,Yellow,18.0,,93.6018584156758,1.0,Divorced,HR,Average
337.0,David,Red,58.0,49760.47265808118,67.89446270110959,,Divorced,HR,Average
338.0,David,Yellow,38.0,54486.13418899317,,3.0,Married,,Poor
,Eve,,36.0,24164.962849507032,96.69423182151644,4.0,Single,IT,Average
340.0,Charlie,,45.0,36783.51706525558,,1.0,Divorced,Finance,Average
341.0,Alice,Blue,24.0,62470.56532399025,42.10671825613308,5.0,Single,Marketing,
,,Blue,29.0,24201.729393029218,51.12975502316374,4.0,Single,,Poor
343.0,Eve,Yellow,50.0,2895.024451080586,31.627162253165743,3.0,Married,IT,Poor
,David,,27.0,63797.54974741589,,,Married,Finance,
,Eve,Red,,36210.68291920118,86.99265809934838,5.0,Single,IT,Poor
346.0,David,Green,,,30.993671187198768,5.0,,Finance,Average
347.0,,Blue,31.0,29685.20602554879,81.24032630370344,3.0,,HR,
348.0,Bob,Red,50.0,43740.72774098263,13.462732037271586,3.0,Divorced,IT,Good
349.0,David,Red,,42043.323853801936,7.861723545473409,4.0,,IT,Good
,,Yellow,41.0,55944.53877417389,2.3483202035744277,5.0,Single,Marketing,Good
351.0,Charlie,Green,64.0,43835.05953935286,72.27357899606947,,Married,IT,Average
352.0,Charlie,Blue,53.0,62866.98485039598,27.277859554741745,4.0,Divorced,HR,Average
353.0,Bob,Blue,39.0,,20.741055038153455,5.0,,Marketing,
,Charlie,Red,24.0,45498.01175272902,25.564778572238733,3.0,Divorced,,Poor
355.0,Bob,Yellow,,31792.56069246987,,4.0,,,Average
356.0,,,,,,4.0,Divorced,IT,Good
357.0,Alice,Green,,,69.27002210834668,,Divorced,HR,Poor
358.0,David,Green,36.0,38349.09339755694,71.3488054216741,4.0,,HR,Average
,Eve,Green,45.0,42766.901814750185,34.601856240892715,,Single,HR,Average
,,Blue,,65057.53489364018,86.24155306133883,1.0,Divorced,HR,Good
361.0,Bob,Red,36.0,59630.916215477424,64.13962969344517,4.0,Single,HR,Good
362.0,,Yellow,30.0,41025.57647597959,51.769673838868414,2.0,Divorced,,
363.0,Charlie,Blue,36.0,64062.41081807069,,2.0,Divorced,Marketing,Poor
364.0,David,Blue,46.0,,,2.0,,Finance,
365.0,Eve,Green,,65444.76993100815,16.685747911942528,,Divorced,HR,Good
366.0,Charlie,,60.0,33105.68056782671,40.266415589008375,1.0,Divorced,HR,Poor
367.0,,Red,32.0,30341.353020312315,,2.0,Divorced,,Average
368.0,,,57.0,,94.92300672902705,4.0,Single,Marketing,Good
369.0,David,Blue,,70785.26050977883,63.58370039543739,5.0,Single,,Good
370.0,Eve,,,36697.328025117095,,,Married,HR,Good
371.0,Charlie,Green,,45777.607587563245,,3.0,Divorced,Marketing,Poor
,Bob,,41.0,49488.74830077082,,,,Finance,Good
373.0,Bob,Blue,35.0,52641.42664256548,,2.0,Single,Marketing,Poor
374.0,,Green,54.0,48216.585741160605,54.132972120242094,4.0,Single,HR,Average
375.0,David,Yellow,24.0,,,2.0,Divorced,Marketing,Poor
376.0,,Red,,48626.21694902519,,,,Finance,
377.0,Alice,Red,56.0,78524.1501754865,24.572572710112272,3.0,Married,HR,Average
378.0,Alice,Blue,54.0,37042.72413824819,62.28121698050037,3.0,Divorced,IT,Good
379.0,Alice,Green,37.0,,17.391598084359472,3.0,,Marketing,Average
380.0,Bob,Yellow,,49050.51813297042,38.14257655499544,3.0,Married,Marketing,
381.0,Alice,Yellow,24.0,55457.00855360066,67.2525719027488,2.0,,IT,Poor
,David,Red,,54889.39235810567,61.78510246922772,3.0,Single,HR,Good
383.0,Alice,Yellow,32.0,51783.48253949679,,3.0,Divorced,IT,Good
,Charlie,Yellow,24.0,65200.24191302853,78.71570138409375,,,Marketing,Average
385.0,Bob,Green,48.0,,47.79365055167748,2.0,,Finance,Good
386.0,David,Yellow,39.0,,0.9439657609888186,1.0,Married,IT,Average
,Bob,Yellow,32.0,,2.3937984516756883,3.0,Married,IT,Good
,Eve,Green,,52421.415278459965,62.145839167616714,3.0,Single,Finance,Good
,David,,22.0,68038.00879992732,,,Single,IT,
,Charlie,Blue,57.0,68164.59479796705,,3.0,Single,IT,Poor
391.0,Eve,Green,23.0,,28.437822691581903,,Married,HR,
392.0,Bob,Yellow,31.0,35454.1130522529,92.87411646961414,5.0,Single,IT,Poor
,Bob,Green,,,,5.0,,,Average
394.0,Charlie,Red,,,5.826717379443824,1.0,,IT,Good
395.0,,Green,,42266.099173414295,23.042695761586764,5.0,Married,Marketing,Poor
,Eve,Green,,,,2.0,Single,Marketing,
397.0,,,,72706.71558815884,15.556738379455826,,Divorced,Finance,Poor
398.0,Bob,Red,55.0,45715.43702811038,96.10798325562617,3.0,Single,,Average
399.0,Eve,Blue,,53883.582558142996,66.70328131537038,1.0,Single,Marketing,Good
400.0,Eve,Red,40.0,70689.60611132614,92.38862417274451,2.0,Divorced,,Good
,Bob,Yellow,35.0,45497.67764388813,,3.0,Divorced,IT,Good
402.0,Alice,Red,,39442.78988950794,51.25115678804437,2.0,,HR,Good
403.0,David,Yellow,36.0,68600.39843634647,76.90005900145387,,Divorced,,Poor
404.0,,Yellow,55.0,51383.9251075851,75.64332107497623,,Single,,Poor
405.0,Bob,,30.0,45928.17618834999,15.522352494219705,2.0,,Marketing,Poor
,David,Yellow,25.0,61831.133956951664,98.03343603022068,4.0,Single,,Poor
,,Green,59.0,,28.54109059950939,,Married,HR,Good
408.0,Alice,Yellow,29.0,,,,Married,HR,Good
,Alice,Blue,50.0,,,5.0,Single,,
410.0,Alice,Green,,16175.9490408965,10.750193075576975,3.0,Divorced,IT,Average
,Alice,Blue,,49009.51383644415,62.54287544808959,2.0,Single,IT,Average
,Charlie,,45.0,43135.86347953709,66.15192485992218,4.0,Divorced,HR,Average
413.0,,Yellow,34.0,60710.91996632824,59.10675306506473,3.0,,Marketing,Poor
414.0,David,Red,51.0,45491.42374988671,94.7762105078219,1.0,Married,IT,Average
,Alice,Red,40.0,27147.049902671406,52.94594245932556,3.0,Divorced,Finance,Good
416.0,Alice,Green,22.0,44635.44415387893,79.47654892536603,3.0,Married,Finance,Good
,Charlie,Blue,42.0,35028.32372719864,85.38644616710394,2.0,Married,IT,Poor
418.0,Charlie,Blue,64.0,51337.17390147514,51.58175809724482,1.0,,Finance,
419.0,David,Green,52.0,46124.41144050567,15.846816432585909,4.0,Divorced,HR,Good
,Bob,Green,35.0,45402.820647678454,37.54030082333376,1.0,Single,HR,Good
421.0,Eve,Blue,20.0,48513.20285615629,69.92949626621277,3.0,Divorced,Finance,Good
422.0,,Yellow,37.0,85155.31731184007,63.236121704293794,2.0,Divorced,Marketing,Poor
423.0,Charlie,Blue,,,89.3479041764627,3.0,,HR,Poor
424.0,David,Blue,40.0,,97.70809309204955,4.0,Single,,Average
425.0,Bob,Yellow,21.0,60309.551491418904,68.00467527471214,1.0,,Marketing,Poor
426.0,David,Yellow,52.0,26433.330418807484,,5.0,,Marketing,Good
427.0,Bob,Green,64.0,42085.38747939207,81.27245548541975,3.0,Married,Finance,Good
428.0,Charlie,Green,27.0,50790.061395139935,74.72278696793634,3.0,Married,,Average
,,,49.0,52797.33932510666,65.6344516265184,,Married,Marketing,
430.0,Bob,,38.0,71403.23364119016,,3.0,,IT,Good
431.0,Bob,,30.0,67762.40938894697,,4.0,Divorced,HR,Good
432.0,,Green,24.0,39335.29611726974,,,Married,HR,Average
433.0,Charlie,Blue,35.0,,10.743226008960638,1.0,Single,,Average
434.0,Charlie,Red,,46971.59530759022,,5.0,Married,Marketing,Average
435.0,Bob,Green,48.0,64434.14870610305,,3.0,,Marketing,Good
436.0,Eve,,63.0,53094.78722279796,85.01870443640081,5.0,Married,,Poor
437.0,Bob,Red,,68493.13508537407,38.09686422545708,5.0,Single,Finance,
438.0,Eve,Green,29.0,40069.58769361111,,5.0,Married,HR,Good
,,Blue,19.0,71124.5030240976,62.04625090015975,,,Marketing,Average
440.0,Charlie,Green,43.0,57749.6376645929,,1.0,Married,Finance,Good
441.0,,Green,22.0,28864.981084041054,,,Divorced,,Poor
,Bob,,40.0,64996.59670806664,42.53318291860461,,Married,,Poor
443.0,Alice,Red,54.0,52713.87698140888,1.7125768059499613,3.0,Married,,Poor
444.0,David,Green,51.0,65008.57968022298,,1.0,,,Poor
445.0,Alice,Yellow,58.0,,,,Divorced,HR,
446.0,Charlie,,37.0,51586.563748156994,34.741536885929804,1.0,Divorced,Finance,
447.0,Eve,Red,50.0,64766.86901081818,40.75922880306012,5.0,Single,Marketing,Good
448.0,Bob,,36.0,,28.927386873740502,5.0,Married,,
449.0,Eve,,,53740.90220111121,9.201653296316014,1.0,Single,HR,Average
,Alice,,29.0,57635.49291799795,12.449291520445904,2.0,Single,,Poor
451.0,Alice,Yellow,30.0,34382.87859900814,,,Married,Finance,
452.0,Eve,Yellow,30.0,,72.7901070707643,,Married,Finance,Good
453.0,,Blue,30.0,64205.426108509506,90.68573022420327,1.0,Married,IT,Good
454.0,David,Yellow,48.0,,,4.0,Divorced,,Average
455.0,David,Green,48.0,38043.035745791574,68.41162034283198,5.0,,Marketing,
456.0,David,Blue,18.0,52666.7091453967,,3.0,,,Poor
,,,63.0,,27.998796667226166,,,HR,Good
458.0,Eve,Yellow,40.0,74617.30570266534,84.59965637332688,5.0,Single,IT,Poor
459.0,,,45.0,59605.415598904874,3.3403024740197296,,Married,Finance,Poor
460.0,,Green,57.0,,,,,,Average
461.0,Eve,,58.0,28160.242603830877,,2.0,Married,Marketing,
462.0,Charlie,Red,43.0,40972.02364486026,11.814746087290462,3.0,Divorced,Finance,Good
463.0,David,,62.0,40323.46778654186,84.09927435513555,,Married,HR,Average
464.0,Charlie,Blue,45.0,,,1.0,Single,Marketing,Poor
465.0,David,Yellow,34.0,,66.60195646505908,4.0,Divorced,Finance,Good
466.0,Eve,Blue,42.0,,97.77164386782017,4.0,,Finance,
,David,Blue,59.0,63560.09538265689,,,Married,Marketing,Poor
468.0,,Yellow,46.0,60101.28582377222,58.75401542583256,2.0,Single,Finance,Poor
469.0,Eve,,49.0,62200.75866275805,32.591598904152654,4.0,Single,Finance,
470.0,Charlie,Blue,47.0,14102.527271770807,55.69591848741889,1.0,Single,,Poor
471.0,,,,25380.25887918949,,,Single,,Good
472.0,,Red,24.0,51679.180965744614,46.1794112496991,1.0,Single,HR,Good
473.0,Charlie,Red,,53231.139354007304,67.14250976250199,1.0,,Marketing,Average
474.0,Alice,Green,40.0,78972.38544838486,88.1433392580977,2.0,Single,IT,Poor
,,Red,41.0,49069.96324568788,47.81519373370752,1.0,Single,HR,Average
476.0,David,,62.0,61405.07406921868,97.6734244502192,4.0,Single,IT,Good
477.0,Charlie,,,54250.00183631097,4.17030340282003,5.0,Single,Finance,Poor
478.0,David,Blue,40.0,,30.954046016323822,3.0,Married,Finance,Poor
,David,,,,64.32224054490099,1.0,,Marketing,Poor
480.0,David,Green,58.0,44742.09415887873,43.202137384056606,1.0,Single,Marketing,Good
481.0,David,Yellow,33.0,54177.720137281074,,3.0,Divorced,IT,Average
482.0,Alice,Blue,42.0,36093.622795821204,9.226596614414673,2.0,Married,Finance,Average
,David,,52.0,61883.321086424825,55.9973638583632,,Married,,Poor
484.0,Alice,Blue,63.0,67421.86954231827,,4.0,,,
485.0,,,36.0,,73.72362159810021,5.0,Single,Marketing,Good
486.0,,Yellow,61.0,83028.73047415115,33.750945026780556,,Divorced,IT,Poor
487.0,Alice,Yellow,,62539.35745025826,1.23011534778118,2.0,Divorced,IT,Average
488.0,Eve,Red,39.0,92308.80857421059,81.17355220366935,5.0,Married,HR,Good
489.0,Charlie,Yellow,49.0,51231.00355957557,47.85631681101744,1.0,Divorced,IT,Average
490.0,David,Green,22.0,35536.90026470491,93.20867639514492,4.0,Married,HR,
491.0,,,55.0,74000.45609143139,,3.0,,HR,Average
492.0,Bob,Blue,47.0,35065.56576668241,,3.0,Married,,Good
493.0,David,Green,55.0,39218.474009940466,79.05145933766637,1.0,Married,,Average
494.0,Alice,,43.0,31866.071759235907,,,Single,IT,Average
495.0,Bob,Yellow,18.0,47467.75945966577,4.459939876738284,5.0,Single,,Average
496.0,Alice,,,35879.93380408057,18.835212408848868,2.0,Married,Marketing,Poor
497.0,,Yellow,,32178.466926215282,50.82192024741682,,Single,,Good
,Bob,Green,,63080.794390626776,79.92376706706959,1.0,Single,,Average
499.0,David,Green,33.0,60230.50136352721,,5.0,,,Good
,,Blue,49.0,63059.197109934445,33.69283713826703,4.0,Single,Finance,Good
501.0,Alice,Yellow,44.0,54183.52021453524,38.674523277331595,4.0,Married,Marketing,Average
502.0,Charlie,Red,48.0,67641.30104948032,,4.0,,,Average
503.0,,Blue,38.0,60716.92874758211,45.49238375424356,4.0,Married,HR,Average
504.0,,Yellow,26.0,30182.714144497822,,,Divorced,Marketing,
505.0,,Red,33.0,62310.39876686897,,4.0,,IT,Good
,Charlie,Yellow,32.0,,90.2509265057864,,Divorced,,Good
507.0,Eve,,45.0,46692.51145146435,19.740519268124512,,Divorced,Finance,Poor
508.0,Eve,,47.0,61400.88449716202,49.444423478746124,2.0,Single,,Poor
509.0,Eve,Yellow,,47233.30959737729,,1.0,,,
510.0,Eve,Green,55.0,18778.277601615522,,1.0,Married,HR,Poor
,Eve,,50.0,43963.83299034804,51.13935886410847,2.0,Married,HR,Average
512.0,Alice,Green,57.0,81542.93273645095,45.42416047700034,5.0,Married,Marketing,Average
513.0,Bob,Red,43.0,,98.91335581566699,4.0,Divorced,,Good
,Charlie,Yellow,64.0,35659.44761965093,,1.0,Single,Marketing,Poor
515.0,Eve,Yellow,50.0,49229.615342692414,28.13784351959898,4.0,Single,HR,Average
,Charlie,Green,40.0,71999.28448028058,81.46150867734485,1.0,Married,IT,Poor
517.0,Charlie,,,,,3.0,Single,,Poor
518.0,Charlie,Yellow,37.0,41463.49945695109,,5.0,Divorced,,
519.0,David,Green,,57057.2908299237,36.13884197804242,,Divorced,IT,Poor
520.0,David,Yellow,22.0,69675.8486363725,,3.0,Divorced,Finance,Poor
521.0,Bob,Blue,45.0,54052.48582486846,13.9828470597537,1.0,,Finance,Poor
522.0,Charlie,Red,19.0,53111.98110480128,,5.0,Married,Finance,
523.0,Alice,Blue,36.0,50258.2667159047,24.233737993307326,2.0,Divorced,Marketing,Average
524.0,David,Yellow,,43156.40558731455,16.10160256111839,4.0,Married,HR,Poor
525.0,Bob,Red,63.0,38657.295921059274,80.0047757169197,,Divorced,Finance,
526.0,Bob,,60.0,43240.781672511745,73.64204839289029,2.0,Married,HR,Average
527.0,Eve,Yellow,59.0,62264.446877388225,82.48768228845333,5.0,Married,Marketing,Good
528.0,Charlie,Green,27.0,65867.58205663733,10.383293345804379,4.0,Single,IT,Poor
529.0,,,19.0,46952.89082789201,74.4873118772145,3.0,Single,,Poor
530.0,Eve,Yellow,,39279.96841679267,86.67880122725978,1.0,Married,Finance,
,Charlie,,62.0,,36.28085408762571,,,,Good
532.0,,,53.0,48458.853874532535,33.3225745310299,5.0,Married,Finance,Poor
533.0,Eve,Blue,45.0,,50.55384593993608,2.0,Divorced,,Average
534.0,David,Red,35.0,60113.87476401601,6.877925683095654,,Married,IT,Poor
535.0,,Yellow,36.0,48957.89690399947,,1.0,,,Good
536.0,Bob,Red,32.0,60433.30417185561,38.533164412806606,,Married,IT,Good
,Charlie,Yellow,,59778.1966436914,92.90707330876562,,Married,Finance,Poor
,Bob,Yellow,62.0,35769.25286029957,8.812479916347248,1.0,Married,Marketing,Poor
539.0,Alice,Green,26.0,,22.63827781816119,2.0,Divorced,Marketing,Average
540.0,Bob,,38.0,67604.12531076506,,,Divorced,Finance,Poor
541.0,Eve,Green,,30857.759076828555,33.27778912133622,4.0,Married,IT,
,David,Green,21.0,47632.50797203963,91.90989050189594,,Single,HR,Average
,Charlie,Green,43.0,42456.08248871929,60.86984352992376,4.0,Divorced,Marketing,Average
544.0,Bob,Red,62.0,77046.78908979897,3.673507903150952,5.0,Divorced,IT,Poor
545.0,Alice,,47.0,,91.40852918431271,,Divorced,Marketing,Average
546.0,,Yellow,19.0,48568.38640779076,,,Married,Marketing,Good
547.0,Charlie,,58.0,70966.70227672266,78.11148593963607,1.0,Divorced,,Good
,,Blue,18.0,,71.53701988345395,2.0,Single,HR,Average
549.0,Eve,Red,36.0,72330.81053136056,7.879716516931367,3.0,,,Poor
550.0,David,Blue,,41660.63566362343,,5.0,Divorced,Marketing,Poor
551.0,David,,,66718.20550013735,94.20757421354229,4.0,Divorced,IT,
552.0,Bob,Yellow,22.0,45582.01362975165,23.24876731418484,3.0,,Finance,Average
553.0,Eve,Green,,81524.47284561693,29.213524886821183,4.0,Single,IT,Good
554.0,Alice,Blue,31.0,,92.18611306671352,3.0,Single,HR,Good
555.0,Bob,Yellow,49.0,,,,Single,Marketing,Good
,Bob,Red,42.0,79061.86199519692,3.3761189074650533,5.0,Single,,Good
,,Red,51.0,64638.78217145648,64.24373691278932,,,IT,Good
558.0,Bob,,60.0,61068.133178444376,36.073964691759045,4.0,Single,HR,
559.0,Alice,Yellow,24.0,42825.71069880854,38.88887080596126,2.0,Married,IT,Good
560.0,Eve,Yellow,35.0,51445.16997507472,98.61400213505105,4.0,,,
561.0,Eve,Red,43.0,50844.768085314645,58.1382221370409,2.0,,HR,
562.0,Bob,Green,24.0,27351.99414985488,62.06489278733736,,Divorced,,Poor
,,Green,54.0,33228.932708273634,33.043613642137316,2.0,Single,IT,Average
564.0,Alice,Green,,58559.45737141715,68.22487473374261,,,Finance,
565.0,David,,,,29.469118545574013,4.0,,IT,Good
566.0,Charlie,Green,,,,2.0,Single,Finance,Poor
,Eve,Green,46.0,51876.11245906539,7.432482965001441,1.0,Single,,Poor
568.0,David,Red,30.0,65917.44989159449,,4.0,,Marketing,Average
569.0,Alice,Yellow,27.0,,43.031258009921494,,Divorced,Finance,Good
570.0,David,,,57678.77181255378,2.810427459798448,,Single,IT,Good
571.0,Alice,Blue,25.0,58073.405722360774,40.76400817997431,4.0,Single,Marketing,Poor
572.0,,Blue,59.0,45840.03429674264,75.55344637547897,,Married,Finance,Average
,Charlie,Blue,51.0,,20.591330580283152,1.0,Married,,Average
574.0,,Blue,,65087.97194073931,34.152663936826144,4.0,Single,Marketing,Good
,,Yellow,60.0,39009.06977414614,,,Married,Marketing,
576.0,David,Red,34.0,52554.414905401165,32.66096368081508,1.0,Single,IT,Average
577.0,David,,42.0,35096.29010432942,49.017066547005705,,Single,Finance,Good
578.0,Eve,Yellow,36.0,43286.386140161245,30.736271633041756,,,Marketing,Poor
579.0,Charlie,Blue,39.0,,74.34203598115755,2.0,,HR,Good
580.0,Eve,Green,39.0,,30.34996788267793,,Married,,Poor
,Bob,Blue,52.0,,99.45851488775523,3.0,,Finance,Poor
582.0,,Yellow,21.0,52535.067659081666,37.26887715008549,5.0,Married,Finance,Good
583.0,Bob,Yellow,,58798.35623704801,97.58968152929924,1.0,Divorced,IT,Poor
584.0,David,Green,29.0,57440.5006029273,61.81751720643129,5.0,Divorced,Finance,Good
585.0,David,,51.0,46613.62032903532,71.77620394308862,,Divorced,,Poor
586.0,,,20.0,,26.04285707143783,5.0,Divorced,IT,Average
,Alice,Green,45.0,44562.759427913246,27.384333097748748,1.0,,HR,Good
588.0,Bob,Yellow,40.0,40656.44470037967,,5.0,Divorced,,Good
589.0,Alice,Green,62.0,41728.254395273645,50.61982734074177,3.0,Single,IT,Good
590.0,Alice,Red,27.0,61361.96885122445,65.56931877628,,Single,Finance,Good
591.0,Eve,Red,50.0,26589.226498515724,,2.0,Divorced,,
592.0,,Red,26.0,30452.620191549366,21.819727007520683,4.0,Single,HR,Good
,,Blue,52.0,,,1.0,Single,IT,Average
594.0,Alice,Green,,40962.69815583572,,,Divorced,Marketing,Good
595.0,Bob,,54.0,51309.73781924115,,,Divorced,Finance,Poor
,,Green,27.0,58662.00262011195,94.23039099587872,4.0,Divorced,Finance,Average
597.0,David,,31.0,43158.130398456095,28.496420779202726,,,HR,Poor
598.0,Alice,Green,32.0,,53.03354240809364,3.0,Married,IT,Poor
599.0,David,Green,59.0,47990.07811486231,37.78613864330346,5.0,Single,IT,Good
600.0,Charlie,Green,62.0,36468.49689782035,76.34874919434495,2.0,Married,,Average
,David,Red,25.0,46300.0457183721,67.07967305246049,3.0,Divorced,,Average
602.0,,Red,21.0,31735.725298299123,13.513752976029703,,Divorced,IT,
,Eve,Green,35.0,39475.127944688815,11.299057696183334,4.0,Married,,Good
604.0,Charlie,Yellow,48.0,24537.968979297544,43.26673557258983,,,Finance,Good
605.0,David,Yellow,28.0,50819.94488308741,52.39536799056195,1.0,Divorced,Marketing,Average
606.0,Charlie,,62.0,69487.88252192258,,2.0,,HR,
607.0,David,,23.0,40749.88767220809,61.66404312283789,3.0,Divorced,Finance,Poor
608.0,Alice,Green,33.0,37963.25267953882,99.86068447455526,1.0,,Marketing,Average
,Bob,,40.0,58632.52854262287,29.895472437020732,5.0,Married,IT,Average
,Bob,Red,46.0,55000.20606468899,58.93639647177524,,Divorced,Marketing,Good
611.0,,Green,53.0,41664.571926124074,22.795943715897838,3.0,Married,IT,
612.0,David,,30.0,40402.85031374633,,4.0,Divorced,,Good
613.0,David,Blue,,,60.432463028771345,,Married,,Good
614.0,,Red,,20767.83745953597,66.32936117696491,2.0,Married,Marketing,Average
,,Yellow,,50477.36663905277,,5.0,Married,Marketing,
616.0,David,Yellow,,29781.46565935463,8.084881807689715,5.0,,,Poor
617.0,,,38.0,,5.323288419929117,4.0,Divorced,Finance,Average
,Eve,Green,59.0,,,5.0,Married,HR,
619.0,David,Yellow,45.0,57390.66040790404,66.93789349815374,4.0,Married,Finance,Poor
620.0,Alice,,58.0,33519.984119292305,40.25484397599127,1.0,Single,,
621.0,,,21.0,61772.22563488371,19.688868032966532,5.0,Divorced,,Poor
,Alice,Green,37.0,29562.967888149542,59.17826450092372,3.0,Divorced,HR,Poor
623.0,Alice,Yellow,20.0,57578.26294089714,16.309794944063427,1.0,,Finance,
624.0,Charlie,Red,26.0,35620.23943297366,47.48259339006881,4.0,Single,,Good
625.0,Alice,Yellow,64.0,50306.017216186825,97.58366532124074,1.0,Married,Finance,Average
,,Red,41.0,66460.92074771572,75.36844205960752,4.0,Married,,
627.0,Charlie,Red,48.0,59923.53469053397,75.20245460668183,5.0,Single,,
628.0,,Red,49.0,42540.35963280786,7.632701933247876,,Married,Finance,Good
629.0,,,22.0,58817.50181826196,77.51904180202452,2.0,,,
630.0,,,61.0,63507.240761139896,59.52536448044421,5.0,Single,HR,Average
,Eve,Blue,45.0,54925.56393799893,52.69095855751208,1.0,Married,Finance,
632.0,Charlie,Blue,64.0,41207.54644019292,90.60766911278726,2.0,Divorced,HR,Average
,Eve,Red,44.0,46565.27511246202,74.58577797944127,2.0,Single,Marketing,Average
,Eve,Green,,65747.89338346876,,2.0,,IT,Poor
635.0,,,34.0,42314.95928183978,23.291924593916434,2.0,Married,IT,Poor
,,Green,63.0,8396.546092731332,1.440334627376505,2.0,Single,,Good
637.0,Bob,Yellow,,,96.08733318211003,5.0,Married,Marketing,Average
638.0,Eve,Yellow,44.0,,,2.0,Divorced,IT,Average
639.0,Eve,Yellow,58.0,58043.69617093376,60.42165126642579,,Single,Finance,Poor
640.0,Bob,Red,,67081.4334684369,,,,HR,Good
641.0,David,Green,,64826.117276873556,25.30486684678318,3.0,Single,Marketing,Good
642.0,Charlie,,56.0,50584.45438428287,55.288859613427256,1.0,Single,Finance,Good
643.0,Bob,Green,,78906.362545452,39.58059659501956,1.0,Divorced,HR,
644.0,Eve,,23.0,47737.48256314662,,1.0,Married,Marketing,Good
645.0,Eve,Blue,48.0,,81.5200369984159,1.0,Married,Marketing,Poor
646.0,,Blue,33.0,65976.22318478664,57.19859717770389,2.0,Married,Marketing,Poor
647.0,Bob,Yellow,58.0,79020.4152663569,,1.0,Married,IT,Average
648.0,Bob,Blue,,56708.2884272559,0.7903593972397704,2.0,Single,,Average
649.0,Bob,Red,55.0,57534.16785865885,26.434453744682095,,Single,Marketing,
,Charlie,Green,37.0,44896.144108708,63.993000524558674,,Divorced,,Poor
651.0,Charlie,Red,57.0,58451.67311975434,,,Single,HR,Good
652.0,Alice,Blue,56.0,52871.3970632315,44.83125813469771,,,HR,Good
653.0,Alice,Blue,19.0,,37.94262517316954,2.0,Married,IT,Poor
654.0,,Blue,39.0,45315.98105476584,2.6819883308354386,1.0,Divorced,,Good
,Eve,Yellow,28.0,,11.000385547118363,5.0,Single,,Average
656.0,Eve,Red,46.0,39320.19968401719,10.75133050343534,1.0,Single,Finance,Poor
657.0,Eve,Yellow,,80821.6845760506,68.10878208706825,3.0,Single,Marketing,Poor
,Eve,Red,46.0,47702.94455762918,4.713483330777047,,Married,HR,Poor
659.0,Alice,Green,38.0,12165.968363004096,,1.0,Married,,Average
660.0,Alice,Green,54.0,,22.795168466739348,4.0,Divorced,Marketing,Good
,David,Green,44.0,,79.2394945174163,5.0,,IT,
662.0,David,Red,60.0,,44.81582682039452,3.0,Married,Finance,Poor
663.0,,Green,,68203.32809104484,29.904094149137894,1.0,Divorced,Finance,Good
664.0,Bob,Red,22.0,72995.54518841891,,3.0,Divorced,IT,Poor
665.0,,Green,,,19.42621194730796,5.0,Married,Marketing,Good
666.0,Charlie,Red,,41489.25653949281,,4.0,Married,HR,Average
667.0,David,,,40784.457476300944,8.892991204236122,2.0,Single,Marketing,Poor
,Alice,Blue,23.0,40174.60031839998,56.0815065217723,1.0,Divorced,Finance,Average
669.0,Alice,,,,,3.0,Divorced,HR,
,,Yellow,34.0,60799.50293022845,93.35538724126631,2.0,Divorced,Marketing,Poor
671.0,Alice,Red,58.0,62393.89071025244,26.083556426160058,,Divorced,IT,Good
672.0,,,53.0,42837.22603718291,71.56338550106747,2.0,,Marketing,Average
673.0,Bob,Blue,41.0,55010.13935118068,41.131253562402584,,Divorced,Marketing,Average
674.0,,Yellow,,56504.744462017756,2.9323807286059433,4.0,Single,HR,Poor
675.0,Charlie,Green,47.0,,46.7292933971287,,Married,IT,Good
676.0,Eve,Green,41.0,51501.36336484308,74.5595027846951,,,IT,Poor
,,,24.0,49417.75487816095,73.70912250286999,2.0,Divorced,Marketing,Good
678.0,,Green,54.0,48531.67340380758,88.98878665093461,,Married,Marketing,Poor
,,,56.0,66131.983632133,75.079318538477,,Married,Marketing,Poor
680.0,Eve,Blue,47.0,24156.74098647206,29.76362099770813,4.0,Divorced,Finance,
681.0,,,55.0,34356.513672265064,9.773485781449942,2.0,Divorced,Finance,Good
682.0,David,Red,21.0,50593.440770648805,59.32529252362123,1.0,Married,IT,Average
683.0,Charlie,Green,54.0,,17.3870386447749,5.0,Divorced,Marketing,Poor
684.0,David,Yellow,64.0,37749.58429298032,37.00165771954206,1.0,Single,Marketing,
685.0,Eve,Green,56.0,20990.22233496429,,4.0,Single,IT,
686.0,Alice,Yellow,62.0,52656.93309169766,,5.0,Single,HR,Good
,Eve,Blue,59.0,49968.27486620421,29.409815532750127,2.0,Married,IT,Good
688.0,Alice,Green,,45168.8255502333,15.365725125595409,5.0,Divorced,IT,Poor
689.0,Eve,Blue,29.0,39377.19671316415,39.63177039013877,5.0,Divorced,HR,Good
690.0,Charlie,Red,25.0,59055.54266818608,78.00230522912962,,Single,Marketing,
,David,Yellow,49.0,51239.418785109636,34.53165793673531,1.0,Divorced,IT,Poor
692.0,Alice,Yellow,48.0,47729.794331311605,41.45576647119565,1.0,Single,IT,Poor
693.0,Charlie,Red,,73563.92039233362,,4.0,Single,Marketing,Poor
694.0,,Red,43.0,54852.722837514804,74.06210234213455,4.0,Single,IT,Average
695.0,Alice,Red,64.0,70688.7559239464,61.62643033231493,3.0,Married,Finance,Average
696.0,,,54.0,49044.00586750042,70.81099597321735,3.0,Divorced,HR,Good
697.0,David,Red,54.0,,77.12807379478204,,Divorced,IT,
698.0,,Yellow,57.0,,,,Divorced,,Poor
699.0,Eve,,33.0,83648.81358728514,44.93068648682475,,Single,HR,
700.0,David,,26.0,43953.78948203335,17.68704026198382,,Single,IT,Poor
701.0,David,Red,,68370.15380692566,7.0659832702154475,4.0,Single,Finance,Poor
702.0,Alice,,,53293.8598823169,,4.0,,,Poor
703.0,David,Blue,39.0,39435.67968067102,94.29870462501756,5.0,Single,IT,Poor
704.0,,Red,38.0,46878.669687575086,,4.0,Divorced,HR,Good
705.0,Eve,Green,,49057.16235662367,89.36451938718551,4.0,,Marketing,Poor
706.0,Charlie,,46.0,61682.1545885504,48.65065609356769,3.0,Single,Finance,Average
707.0,Eve,Yellow,37.0,53742.795688625,34.10280931511953,5.0,Married,Marketing,Poor
708.0,David,Blue,60.0,54260.52097111198,5.900554746488151,1.0,Married,,Good
709.0,David,Red,49.0,,34.96967002934361,,Divorced,Marketing,Good
,,Green,57.0,54696.8347356216,13.198421571513597,,Married,HR,Poor
,David,Yellow,32.0,,40.02095901653186,3.0,Divorced,,Poor
712.0,Bob,,,51314.0188151657,47.335841569433256,4.0,Divorced,Finance,Poor
713.0,,Blue,61.0,48174.79800086652,80.10171901169755,3.0,,,Average
714.0,Bob,Green,,23361.713580478026,,1.0,Divorced,IT,Average
715.0,,Yellow,61.0,,47.77121307773974,3.0,,HR,Poor
716.0,Alice,Blue,52.0,75786.80321174339,69.08658022831635,3.0,,IT,Average
717.0,Charlie,Red,19.0,46140.29426294651,,4.0,,,Poor
718.0,David,Blue,45.0,60954.33169187857,78.4881322333082,2.0,Married,,Average
719.0,David,Yellow,58.0,61004.86126452513,26.31513257289576,1.0,Divorced,Finance,
720.0,Alice,Green,60.0,56779.46791941147,57.92155094209911,,Single,,Good
721.0,Alice,Yellow,,,54.366992795499804,2.0,Divorced,,Poor
722.0,,,20.0,39192.73297809888,42.07500815331473,5.0,Single,Marketing,Poor
723.0,Eve,Red,30.0,15166.670218137602,39.97343336697724,,Married,,Good
724.0,Alice,Red,,66680.47425823208,75.47951334175356,4.0,Divorced,Finance,Average
725.0,Charlie,,51.0,70147.05360142213,12.472052663438692,5.0,,IT,Average
726.0,Bob,Blue,60.0,31073.740578150555,,5.0,,Marketing,Poor
727.0,Alice,Red,58.0,,7.276547946042822,2.0,Divorced,IT,
,Bob,,61.0,54060.07312390513,15.048882700736609,5.0,,Finance,Poor
729.0,Charlie,Blue,57.0,43044.236659745126,84.41703067269903,2.0,Divorced,Marketing,
730.0,Charlie,Green,22.0,61502.132695338616,72.31363068954064,2.0,Divorced,IT,Poor
731.0,Alice,Green,42.0,68639.47224577435,12.637408911621895,,Divorced,IT,Average
732.0,Alice,,18.0,67936.84499471882,,5.0,Divorced,Finance,Good
733.0,,Green,59.0,45430.762740797065,93.01769653495028,1.0,Married,IT,Good
734.0,,Yellow,,23538.818455329572,86.96742687784051,2.0,,HR,
735.0,,Yellow,,58072.61585721467,71.9261805122934,2.0,Married,Finance,Good
736.0,David,Red,37.0,65919.48851149842,70.15069941196816,1.0,Divorced,IT,Good
,David,,53.0,32914.62693914985,8.580594113342531,3.0,Single,Finance,Good
738.0,Bob,Green,60.0,55194.11105204464,,4.0,Divorced,,Good
739.0,Charlie,Red,24.0,62464.16400724911,83.55115243365785,3.0,Divorced,,
740.0,Bob,,64.0,47444.28220171417,12.42078367859949,,,Finance,
741.0,,,25.0,60620.28576411294,97.76359860325516,3.0,,IT,Average
742.0,David,Yellow,,53926.93127437569,20.065906311974913,3.0,Married,Finance,Average
743.0,Alice,Yellow,21.0,36993.48508698208,,4.0,Married,Marketing,Average
744.0,Bob,Yellow,64.0,57573.21321889855,67.36723323180041,5.0,,Finance,
,Bob,,25.0,84772.7764332048,,2.0,,,Poor
746.0,Eve,,36.0,61835.61558165193,33.19644614570464,2.0,,,Poor
747.0,Eve,Green,26.0,40906.760303029,90.61629042920258,5.0,Single,,Poor
748.0,David,Red,50.0,53840.843964054184,87.43096650907324,2.0,Single,Finance,
749.0,,Red,58.0,51638.40770509072,,4.0,Married,Finance,Average
750.0,Alice,,34.0,63645.99427952194,37.848467818358856,3.0,Married,Marketing,Poor
751.0,,Blue,31.0,53041.85429811898,20.261129393725973,3.0,,Marketing,Average
752.0,Bob,Yellow,,62322.37728397948,46.32525699661042,,Single,IT,Good
753.0,Charlie,Yellow,23.0,59901.01343861886,36.16457607374998,2.0,Divorced,Finance,Average
754.0,Eve,Blue,29.0,89626.0306391705,86.15893996403166,1.0,Single,Finance,Good
755.0,Eve,Blue,47.0,45280.257121017625,51.480554920302794,5.0,Married,Finance,Poor
756.0,David,Blue,49.0,37392.29840326501,56.989029100667935,1.0,Divorced,,Poor
757.0,Charlie,Yellow,29.0,53510.69269641863,96.94478318265492,,,Finance,Average
758.0,David,Yellow,29.0,28325.774227729435,44.66754818641328,2.0,Divorced,,Average
,Charlie,Green,48.0,,49.09891743488247,5.0,,IT,Average
760.0,Alice,Red,60.0,19681.31615865607,57.81113975703054,1.0,Single,Marketing,Average
,Charlie,Green,45.0,51991.65006028412,84.83712088280895,5.0,Married,,Poor
762.0,David,Yellow,48.0,51721.18273923148,,,Single,Marketing,Poor
763.0,Bob,Red,,77287.69090777679,60.32449057363708,1.0,Married,HR,Good
764.0,David,Green,,53459.91473698066,76.56570339539705,2.0,,HR,
765.0,David,Green,59.0,49241.49955847935,61.16058940844344,,,Finance,Poor
766.0,Bob,Blue,46.0,,78.09231870077416,1.0,Married,IT,Poor
767.0,Alice,Green,40.0,,,,Divorced,IT,Good
768.0,Bob,Blue,58.0,34983.594871613794,,4.0,Divorced,HR,
769.0,,Red,47.0,,85.63226058417067,4.0,Single,IT,Poor
770.0,Eve,,57.0,51906.390596579346,29.727969746855177,,Divorced,IT,
771.0,,Blue,57.0,55729.1657463522,,2.0,,Marketing,
,Alice,,25.0,54749.72300891684,59.99537575759817,2.0,Divorced,IT,Poor
773.0,,Blue,47.0,64025.43730150809,64.08641808095213,5.0,Divorced,Marketing,Good
774.0,,Blue,49.0,53720.15968995564,15.155485039980277,3.0,Divorced,Finance,Average
775.0,David,Yellow,63.0,29890.205962725846,8.388724847118546,2.0,,Marketing,Average
776.0,Bob,,21.0,54897.823699398454,89.76229956587044,1.0,Divorced,,
777.0,Charlie,Blue,34.0,35339.24347439556,11.926175002844875,4.0,Single,HR,Average
778.0,Eve,,58.0,50634.40831247949,9.726431834910642,1.0,Single,Marketing,Good
779.0,Bob,Blue,62.0,56936.22902055762,36.820545978310484,5.0,,Finance,
780.0,,Red,31.0,27622.834754513377,83.23165709000975,3.0,Divorced,Finance,Average
,Eve,Green,61.0,51236.41561019026,80.51552975274146,4.0,Single,Finance,Good
782.0,David,,19.0,47813.30525488948,,2.0,Single,Marketing,Poor
,Eve,Green,31.0,55834.71554184426,88.53220130677775,1.0,Married,Marketing,Poor
784.0,,,63.0,66248.15505433941,,3.0,Divorced,IT,Average
785.0,Bob,Red,26.0,16423.324145654216,72.93572979997201,5.0,,Marketing,
786.0,,Blue,26.0,22750.350126494435,24.580041626962988,1.0,Married,Marketing,Average
,David,Yellow,,69041.43152910436,8.61345167479579,5.0,Divorced,HR,Average
788.0,Bob,Blue,,45469.50824528907,72.73354864351226,2.0,Single,HR,
789.0,Charlie,Green,,43765.24673183425,,3.0,Single,Finance,Poor
790.0,Eve,Green,,31344.819937440323,,4.0,Married,IT,Good
791.0,Eve,Red,30.0,55134.93025087067,39.54895380055876,5.0,Married,IT,
792.0,Charlie,Blue,43.0,68283.33365603573,3.8584947893773647,,Divorced,Marketing,Good
793.0,,Green,53.0,,71.02418209523226,5.0,,,Average
794.0,,,38.0,,17.45407547478578,2.0,Divorced,,Good
795.0,Bob,Red,18.0,,57.586564598421674,2.0,Divorced,HR,
,Bob,Yellow,34.0,36386.71634566623,41.634035484991195,,Divorced,Marketing,
797.0,Charlie,,41.0,65796.65700599617,26.8903923790883,,Divorced,,
,Charlie,Green,57.0,60513.01994483738,,5.0,,,Good
799.0,Alice,Red,30.0,57231.65814478418,83.07880048247203,5.0,Married,HR,Good
800.0,Eve,Yellow,61.0,69246.62051557207,90.05352512482685,2.0,Married,HR,Average
801.0,,Green,,43718.47755625316,10.404015348811225,5.0,Divorced,IT,Poor
802.0,Charlie,,46.0,50842.479304418426,45.47058764867763,3.0,Married,IT,Average
803.0,,Green,25.0,33121.09831307091,69.78429952135258,2.0,,,Poor
804.0,,,63.0,48746.2406663849,49.695822017056855,,,HR,Good
805.0,,Green,63.0,68647.29569300327,61.00636322889932,2.0,Married,Finance,
806.0,,Blue,24.0,48438.23216970557,56.65469555243644,,Divorced,Marketing,Good
807.0,David,Yellow,,48127.913155242575,86.69090643804181,1.0,,,Good
808.0,Eve,Green,50.0,49472.56269802704,35.18189515971998,4.0,Divorced,Finance,Good
809.0,,Green,58.0,49376.6472425382,6.466316950368622,5.0,Single,Finance,Good
810.0,David,Green,20.0,66679.00730135589,,2.0,Single,Marketing,Poor
811.0,Eve,Green,40.0,,4.9233753512605505,3.0,Divorced,HR,Average
812.0,,Blue,33.0,30601.585417495,96.74636711002049,1.0,Single,Marketing,Good
813.0,Bob,Blue,,46827.824603347144,62.15531753415884,2.0,Divorced,,Good
814.0,,,24.0,50750.84954704086,89.58743711439246,2.0,Married,IT,
815.0,Alice,Blue,26.0,64169.25531021158,66.10673572412378,3.0,Divorced,Finance,Average
816.0,,,35.0,62826.049716852416,81.04407330764292,3.0,Single,Marketing,Poor
817.0,Alice,Green,56.0,87259.63461047481,33.71225019791325,1.0,Divorced,Marketing,Good
818.0,Charlie,Green,31.0,,12.64310503501328,,Married,Marketing,Good
819.0,Bob,Green,55.0,,61.47164676785546,4.0,Married,Finance,Average
820.0,David,Blue,,47955.60381791007,,4.0,Divorced,HR,Average
821.0,Charlie,Red,53.0,,11.272951780155571,4.0,Divorced,Finance,Average
822.0,Alice,Blue,,,52.382369933297454,1.0,Married,HR,Good
823.0,Eve,,,60344.99717737405,38.751721430356014,2.0,Single,Finance,
824.0,,,44.0,43493.56959613216,96.83184197160541,1.0,Single,Marketing,Average
825.0,,Yellow,32.0,61091.155120184194,51.38407195974602,2.0,Single,Marketing,Average
,Bob,Green,36.0,41732.80439632398,60.644325189563716,3.0,Married,IT,Good
827.0,,Green,27.0,36806.20055998835,75.27504731907466,4.0,,,Average
828.0,Charlie,,30.0,29999.73642969302,21.189369911425217,4.0,,IT,Good
829.0,David,Red,42.0,61691.973379314266,,5.0,Divorced,Marketing,Poor
830.0,Bob,Yellow,62.0,,,5.0,Divorced,IT,Average
831.0,Charlie,Green,57.0,34588.38615793853,66.219381033469,3.0,Divorced,Finance,Poor
832.0,Eve,Red,43.0,57420.43570788055,37.09948566165623,5.0,Married,,Average
833.0,David,Blue,49.0,25344.89106424515,62.63362376429477,5.0,Single,Finance,
834.0,Alice,Blue,46.0,63155.07803486766,4.801644291767449,3.0,Divorced,Finance,Poor
835.0,,,,63601.31110739659,31.69778452454913,5.0,Divorced,,Good
836.0,,Red,42.0,33380.73253826624,71.13897845268394,2.0,Single,,Good
837.0,Charlie,Green,51.0,77418.07043739458,13.63853291206184,1.0,Divorced,Finance,Average
838.0,Bob,Red,53.0,63196.378154031416,67.61857998930036,4.0,Married,HR,Poor
839.0,Eve,Blue,32.0,59850.71342624583,14.276208736137486,3.0,Divorced,HR,Good
,Charlie,Blue,44.0,,10.200389053490166,,Single,Marketing,Average
841.0,Eve,,,,78.6033972027393,2.0,Married,,Poor
842.0,David,Blue,41.0,29036.400473261772,96.52356536023574,2.0,Married,IT,Poor
843.0,David,Yellow,42.0,68574.3857256011,,,Divorced,Finance,
844.0,Alice,Blue,,52781.43682095023,84.17774296007143,5.0,Married,IT,
845.0,Bob,Blue,25.0,25452.963264833164,98.8247504679805,3.0,Married,Finance,Poor
846.0,Eve,Blue,31.0,29142.342283656508,3.311816425399816,4.0,Divorced,IT,Average
847.0,Bob,Blue,,34578.477716992755,,1.0,Divorced,,Good
,Alice,Blue,24.0,,67.6181653882378,4.0,Single,Finance,Poor
849.0,,Blue,38.0,,1.099950426838625,2.0,,Finance,Average
850.0,Alice,Yellow,,61413.41665104055,,2.0,Divorced,IT,
851.0,Eve,Red,27.0,,14.490730220260206,1.0,Divorced,,Good
852.0,Alice,Yellow,33.0,54327.099224462036,,,Single,HR,Good
853.0,Alice,Red,46.0,,,,Divorced,Marketing,Poor
854.0,Alice,Blue,42.0,58587.48078484641,,5.0,Single,IT,Poor
855.0,Bob,Red,,51921.27907851302,70.47117596298685,5.0,Divorced,Finance,
,Bob,Yellow,39.0,45140.87365680585,,5.0,Single,IT,
857.0,Eve,Green,32.0,,59.97939459064994,3.0,,,Average
,Alice,,,34456.8904252075,28.81750182132693,2.0,Divorced,Finance,Good
,Bob,,57.0,59366.15719025156,,3.0,Single,Finance,Average
860.0,Bob,Red,,30697.308119131656,9.47878534923009,2.0,Single,IT,
861.0,Bob,Blue,28.0,18710.787716109935,80.23250024414634,4.0,Single,,Average
862.0,Eve,Red,54.0,32168.77362478509,30.89509985820975,3.0,Married,IT,Good
863.0,,Yellow,28.0,46302.846837745536,85.43357474182962,1.0,,IT,Good
864.0,Alice,,21.0,51256.1539326093,82.9844537834239,5.0,Single,Finance,Average
865.0,Charlie,Yellow,27.0,54030.917084136396,,1.0,,IT,
866.0,Alice,,,46720.94135025,68.38366987522122,1.0,,,
867.0,Charlie,Red,,53649.11779798391,81.51444307891974,4.0,Divorced,Finance,Good
,Alice,Blue,29.0,45976.51878680743,,2.0,Single,Marketing,
869.0,Bob,Red,19.0,54788.43305697034,29.11770215927766,1.0,,Finance,Average
,Charlie,,59.0,,,3.0,Married,HR,Good
871.0,,Yellow,49.0,36189.56463871232,88.96500935978837,5.0,Married,Finance,Good
,David,Red,44.0,57081.07225818914,,4.0,,Finance,Poor
873.0,Charlie,Blue,48.0,49498.72143773521,,5.0,Single,,Poor
874.0,,Yellow,20.0,,,4.0,Single,IT,Good
875.0,Charlie,Blue,28.0,60563.86306434279,8.799477962847336,4.0,Divorced,IT,Good
,,Yellow,32.0,,,2.0,,Finance,
877.0,David,Green,18.0,58632.920407894046,68.93436174816688,2.0,Divorced,Finance,
,Alice,Blue,52.0,,79.53571963993188,,Single,HR,Poor
,Charlie,Blue,63.0,47684.658426343834,,,,HR,
880.0,Alice,Yellow,54.0,23782.074546739932,24.049789796766742,5.0,,IT,
881.0,Alice,Yellow,,49890.405582474916,,4.0,Single,Marketing,
,Bob,Yellow,58.0,43832.90867960676,,3.0,,,Average
883.0,Alice,Yellow,41.0,,,3.0,Divorced,,Good
884.0,Eve,Red,26.0,41822.30637441678,58.01498636392477,2.0,Divorced,Finance,Average
885.0,David,Green,19.0,48398.20767197682,,4.0,Single,HR,
886.0,Charlie,,48.0,,,3.0,Married,IT,
887.0,Charlie,,46.0,48814.57985005219,63.06269143762844,4.0,Married,IT,Good
888.0,Alice,Red,40.0,40797.154488140826,46.97297765372094,,Single,,Poor
889.0,David,Red,59.0,49499.4773506737,93.56231954820446,1.0,Divorced,HR,Good
890.0,Charlie,Blue,,41767.60658784321,13.212672231080946,4.0,Single,HR,Good
,Eve,,64.0,,52.651231037699034,5.0,Single,HR,Average
892.0,Eve,Green,57.0,78994.23393917928,62.27181938691172,2.0,Divorced,Finance,Poor
893.0,Charlie,Blue,39.0,55601.39264702414,21.308206815247075,3.0,Divorced,Marketing,Poor
894.0,David,,31.0,,31.323616770816155,1.0,,HR,Poor
895.0,Charlie,Yellow,37.0,,72.25584769778234,,Single,IT,Average
896.0,Alice,Blue,52.0,54187.525533134314,,1.0,Single,Marketing,Poor
897.0,,Yellow,31.0,51176.02438829642,51.072081173553016,5.0,,Finance,
898.0,Charlie,Green,43.0,43343.975429755665,96.98649679777655,2.0,Single,IT,
,Alice,Blue,61.0,,,,Divorced,Finance,Good
900.0,,Green,20.0,34127.94308821986,,2.0,Married,Marketing,Good
901.0,,Blue,42.0,57558.643104618895,91.26979208395004,1.0,Divorced,IT,
902.0,Charlie,Red,59.0,,92.85312429675439,4.0,Divorced,Marketing,
903.0,Alice,Red,53.0,32737.20451891856,6.902339576016281,2.0,,Finance,Poor
904.0,Eve,Yellow,,51178.34973447124,59.92240802928491,5.0,Married,Finance,
905.0,Charlie,Red,64.0,42563.49705344302,89.29014715350331,,Married,Marketing,
906.0,Charlie,Green,46.0,68717.01742693296,24.51245398218682,2.0,Married,Finance,Good
907.0,Bob,Green,29.0,,72.36025946942893,4.0,Single,HR,Poor
908.0,Alice,Green,28.0,,46.91598379667613,4.0,Single,Marketing,Average
909.0,Bob,Blue,,37505.53416530041,,1.0,,,
910.0,Alice,Blue,23.0,50817.656100515036,21.75532582827946,4.0,Divorced,,Average
,Alice,Green,24.0,35400.96658667491,82.60333563156557,,Single,HR,Average
912.0,Alice,Yellow,,39410.08642963253,53.794220602780186,5.0,,,
913.0,,Red,29.0,70988.83213478606,,4.0,Married,Marketing,
914.0,Eve,Green,29.0,17453.484414610033,,1.0,Single,Finance,Average
915.0,Alice,Red,31.0,65154.96606956044,3.049838165326235,5.0,Single,Finance,Average
916.0,David,Red,57.0,67448.03829723975,,,,HR,Poor
917.0,,Blue,57.0,,9.59033068834726,,Married,HR,Average
918.0,Alice,Green,33.0,41361.04651265509,53.280580515978706,2.0,Divorced,IT,Good
919.0,Eve,Green,21.0,36646.839696637144,82.70852734836174,1.0,Divorced,IT,
920.0,,Blue,54.0,50303.871375966635,,,,Finance,Poor
921.0,Charlie,Green,,,85.59774489335572,3.0,Single,,Average
,Bob,Red,42.0,49898.9429882476,53.733400175632376,1.0,Divorced,Marketing,Average
923.0,David,Green,33.0,29652.296431963245,64.22254762492328,2.0,Single,IT,Good
924.0,David,Red,39.0,51322.78139616016,9.986497670718798,5.0,Single,Marketing,Poor
925.0,Bob,Red,,63242.61304517223,50.00028662680393,1.0,Divorced,HR,Poor
,Charlie,,38.0,,75.90118488177197,5.0,Divorced,IT,
927.0,,Yellow,,73351.6026629481,61.248797771679676,2.0,Divorced,Marketing,Good
928.0,Charlie,Green,40.0,27807.683964277992,42.176560291247846,4.0,Divorced,IT,Average
,Bob,Blue,33.0,42443.76821221948,17.059167018679165,3.0,Married,,Average
930.0,Charlie,,21.0,39970.57750430578,,,Divorced,Marketing,Good
931.0,Eve,Yellow,52.0,,51.24473326108065,4.0,,IT,Average
932.0,,Yellow,,34160.237232689105,7.399355002939623,2.0,Single,IT,Average
933.0,,,59.0,52847.42163670984,34.11083268398897,4.0,Single,HR,Poor
934.0,Bob,,62.0,71211.19669048928,95.8984350383945,3.0,Single,HR,
935.0,Alice,Green,36.0,35679.91170194271,61.67480083768149,5.0,Single,Finance,Good
936.0,Charlie,Red,41.0,44273.470549339334,43.81433379199227,5.0,Divorced,,Good
937.0,,,49.0,81468.13359907366,78.91539085645495,5.0,Divorced,Finance,Poor
,Alice,,56.0,48321.19043311768,77.8020764837865,5.0,,Finance,Good
939.0,Eve,Yellow,,42390.15764876028,0.9231670647975254,4.0,Married,Marketing,Average
940.0,Charlie,,,65272.45398168365,77.47377217688147,,Married,Finance,Poor
,,,37.0,,43.496840840933146,,,HR,Average
942.0,Alice,Blue,,82191.66919385441,,5.0,Married,Marketing,Good
943.0,Charlie,Green,44.0,,57.67650333188009,1.0,,Marketing,Average
944.0,,Yellow,48.0,43770.9996022269,72.54429349890245,,Single,,Poor
945.0,Eve,Green,24.0,56426.76321652412,36.8149699789697,4.0,Married,Marketing,Good
946.0,Bob,Red,,63505.73370344599,,2.0,Single,IT,Poor
,Eve,Red,35.0,34206.901254180026,9.737890931943172,3.0,Married,Marketing,Average
948.0,David,,,47965.825058861454,33.21805066804616,4.0,,Marketing,Good
949.0,Alice,Yellow,41.0,46705.69534069358,19.78624960314229,5.0,Married,Finance,Average
950.0,,,39.0,51959.16598353346,59.982256617843596,1.0,Single,,Average
951.0,Charlie,Yellow,34.0,,15.91852140233393,2.0,Single,IT,Good
952.0,,Blue,,48747.44968877584,90.49222731365263,,Divorced,Finance,Poor
953.0,,Blue,63.0,,30.705333816970757,4.0,Single,Marketing,Average
954.0,David,,38.0,,61.229626457985795,3.0,,Finance,Average
955.0,Alice,Yellow,,,86.50532218412337,1.0,Single,,Average
956.0,David,,18.0,58855.0628639923,24.799870086872346,,Divorced,,Good
957.0,Alice,Green,21.0,,63.05100835686003,2.0,Single,,Poor
,Charlie,Red,51.0,65055.29679245988,4.009062666929831,4.0,Divorced,,Good
959.0,Alice,Red,52.0,76746.31619036937,43.58227033585121,5.0,Divorced,,Poor
960.0,Eve,Yellow,53.0,56982.12544346107,39.66321303785277,2.0,,IT,Average
961.0,Alice,,,,6.667744252414288,,Married,IT,Poor
962.0,Alice,Green,,66690.51748026315,88.69459870235646,4.0,Married,IT,Average
963.0,Charlie,Yellow,48.0,59979.12898320181,77.59309011295228,5.0,Married,Marketing,Poor
964.0,Eve,Green,,24687.11728116457,,3.0,Divorced,Marketing,Average
965.0,David,Blue,21.0,61073.76463552791,12.741230260645786,,Single,,Good
966.0,,,46.0,,70.70783670404289,5.0,Married,,Poor
967.0,,Red,61.0,32076.38694440009,44.94741872771293,5.0,Divorced,HR,Average
968.0,Eve,Green,,28523.611690616464,40.77990424076472,,Divorced,Finance,Good
969.0,,Blue,49.0,59157.28189642523,98.84264815557825,4.0,Divorced,Finance,Poor
970.0,Eve,Green,55.0,31598.842324333324,75.22402552268181,2.0,Married,Finance,Poor
971.0,Charlie,Yellow,,48773.96880174384,,3.0,Married,IT,Poor
,,Red,18.0,73747.21252005472,52.63681866367097,4.0,Single,,
973.0,Alice,,,57293.822735974056,18.844809613807733,1.0,Married,HR,
974.0,David,Blue,20.0,73139.84187531254,,1.0,,,Good
975.0,,Yellow,33.0,57241.962212059094,37.1495996144359,,,,Average
976.0,,Red,35.0,75967.17602660865,63.888333766995956,,Single,Finance,Good
977.0,David,Yellow,22.0,52191.64624976291,87.39088978411684,5.0,,,Poor
978.0,Alice,Red,60.0,76272.90002552884,45.20412101289806,1.0,Divorced,,Good
,David,,,66778.97278884452,17.27507024853424,5.0,Divorced,Finance,Average
980.0,Charlie,Blue,23.0,,60.65751505965778,5.0,Married,IT,Average
981.0,Charlie,,57.0,54948.53355882014,70.05511808323998,3.0,Divorced,,Average
982.0,David,,,66514.59550510233,53.443384913949885,4.0,Single,Finance,Poor
,Charlie,Blue,41.0,40973.988190611395,30.00785983556685,4.0,Married,Finance,Poor
984.0,Alice,,40.0,,40.94677887942929,,Divorced,IT,
985.0,Bob,Green,24.0,39815.698587364765,48.785389644406564,4.0,Single,HR,
986.0,Bob,Red,54.0,69986.57021571696,62.07808711830411,2.0,,Marketing,Average
987.0,Charlie,Green,40.0,44803.169714886135,57.6625905232259,3.0,Divorced,Marketing,
988.0,Eve,Blue,24.0,47919.91194567614,83.20742458425211,,,IT,
989.0,David,,31.0,,,3.0,Married,Marketing,Average
990.0,,Green,63.0,29433.25434792372,37.386773768247714,3.0,Divorced,IT,Good
991.0,,Green,56.0,,34.47765667028745,5.0,Single,Finance,Good
992.0,Alice,Green,,31128.61258470762,53.49116137573326,,Married,HR,Poor
,Eve,Red,49.0,,,5.0,Divorced,Marketing,Average
994.0,David,Red,40.0,45274.067692753735,29.616934033613205,5.0,Single,Marketing,Poor
995.0,David,,25.0,38028.03570726413,,4.0,Single,IT,Average
996.0,Eve,Yellow,21.0,68835.84139015515,77.63320416177307,5.0,Single,,Good
,Charlie,,49.0,,52.365205725832375,1.0,,Finance,Good
998.0,Alice,,59.0,56373.57065783623,,2.0,,,Average
999.0,David,Green,28.0,66734.01437133228,14.861551921898341,,,Marketing,Average
1000.0,Bob,,,,15.505495192807949,,Single,,Poor
